{"cameraMode":{"drawMode":0,"name":"Shaded","section":"Shading Mode"},"sceneLighting":true,"audioPlay":false,"sceneViewState":{"m_AlwaysRefresh":false,"showFog":true,"showSkybox":true,"showFlares":true,"showImageEffects":true,"showParticleSystems":true,"showVisualEffectGraphs":true,"m_FxEnabled":true},"in2DMode":false,"pivot":{"x":16.761367797851564,"y":-3.373199462890625,"z":-24.072834014892579},"rotation":{"x":0.24646314978599549,"y":0.11421395093202591,"z":-0.029273753985762597,"w":0.9619735479354858},"size":37.029415130615237,"orthographic":false}